Tennis Trainee,,,,,,,,,
,Date,Menu,Action,Estimated Body Score,Estimeted Mental Score,Trainee Message ,Trainee Message ,Trainee Message ,…
,2025/07/26,warm-up exercises,Bending and stretching,Good,Not bad (6/10),Let's start!,Today I need hard work,,
,2025/07/26,warm-up exercises,Forward bend,Good,Not bad (6/10),Let's start!,I need harder work!,,
,2025/07/26,warm-up exercises,deep breathing,Good,Not bad (6/10),Let's start!,I need harder work!,,
,2025/07/26,,,,,,,,
,2025/07/26,,,,,,,,
,2025/07/26,,,,,,,,
,,,,,,,,,
,,,,,,,,,
,,,,,,,,,
,,,,,,,,,
,,,,,,,,,
,,,,,,,,,